Article,Model,Hit@1,Hit@5,Hit@10,MRR
1113,GreekBERT,0.3333333333333333,0.3333333333333333,0.3333333333333333,0.3333333333333333
1113,mBERT,0.0,0.0,0.0,0.0
1114,GreekBERT,0.5714285714285714,0.7142857142857143,0.7142857142857143,0.6190428571428571
1114,mBERT,0.0,0.0,0.0,0.0
